field_id,groupe,libelle,type,value,status
lieu_milieu_surveille,Lieu,En milieu surveillé,checkbox,,
lieu_maison_accouchement,Lieu,Maison d'accouchement,checkbox,,
lieu_maternite,Lieu,Maternité,checkbox,,
lieu_clinique_privee,Lieu,Clinique privée,checkbox,,
lieu_autre,Lieu,Milieu surveillé — autres,text,,
lieu_domicile,Lieu,À domicile,checkbox,,
domicile_assiste_qualifie,Lieu,Assisté par un personnel qualifié,checkbox,,
domicile_autre,Lieu,Domicile — autres,text,,
date_accouchement,Date,Date de l'accouchement,date,,
mode_voie_basse_non_instrumentale,Mode de l'accouchement,Voie basse non instrumentale,checkbox,,
mode_voie_basse_instrumentale,Mode de l'accouchement,Voie basse instrumentale,checkbox,,
mode_forceps,Mode de l'accouchement,Forceps,checkbox,,
mode_ventouse,Mode de l'accouchement,Ventouse,checkbox,,
mode_episiotomie,Mode de l'accouchement,Avec épisiotomie,checkbox,,
mode_cesarienne_programmee,Mode de l'accouchement,Césarienne programmée,checkbox,,
mode_cesarienne_urgence,Mode de l'accouchement,Césarienne en urgence,checkbox,,
cesarienne_indication,Mode de l'accouchement,Césarienne — indication,text,,
complications_presence,Complications,Présence de complications,checkbox,,
complications_accouchement,Complications,Au moment de l'accouchement,checkbox,,
complications_suites_couches,Complications,Suites de couches,checkbox,,
compl_pre_eclampsie,Complications,Pré-éclampsie,checkbox,,
compl_eclampsie,Complications,Éclampsie,checkbox,,
compl_hemorragie,Complications,Hémorragie,checkbox,,
compl_infection,Complications,Infection,checkbox,,
compl_autres,Complications,Autres complications,checkbox,,
compl_autres_precision,Complications,Autres complications — précision,text,,
nn_vivant,Nouveau-né,Vivant,checkbox,,
nn_mort_ne,Nouveau-né,Mort-né,checkbox,,
nn_deces_24h,Nouveau-né,Décès < 24 heures,checkbox,,
nn_sexe,Nouveau-né,Sexe,sex,,
nn_poids,Nouveau-né,Poids à la naissance,weight,,
nn_perimetre_cranien,Nouveau-né,Périmètre crânien,length,,
nn_anomalie,Nouveau-né,Anomalie à préciser,text,,
nn_age_gestationnel,Nouveau-né,Âge gestationnel,weeks,,
